{"BE": {"temperature": 26.566666666666666, "fitbeat2.beats_per_minute": 100.19047619047619, "air_quality.o3": 145.38095238095238, "humidity": 68.03333333333333, "air_quality.index": 5.809523809523809, "air_quality.so2": 553.8095238095239, "air_quality.pm10": 65.85714285714286, "fitbeat1.beats_per_minute": 106.33333333333333, "air_quality.pm25": 46.23809523809524, "speed": 42.714285714285715, "air_quality.no2": 347.3333333333333}, "DE": {"temperature": 25.18028169014084, "fitbeat2.beats_per_minute": 106.0, "air_quality.o3": 118.50704225352112, "humidity": 74.6154929577465, "air_quality.index": 4.661971830985915, "air_quality.so2": 417.83098591549293, "air_quality.pm10": 53.901408450704224, "fitbeat1.beats_per_minute": 99.38028169014085, "air_quality.pm25": 39.2112676056338, "speed": 62.605633802816904, "air_quality.no2": 279.943661971831}, "NL": {"temperature": 25.327272727272724, "fitbeat2.beats_per_minute": 95.81818181818181, "air_quality.o3": 122.0909090909091, "humidity": 68.67272727272729, "air_quality.index": 4.7272727272727275, "air_quality.so2": 417.8181818181818, "air_quality.pm10": 56.90909090909091, "fitbeat1.beats_per_minute": 108.9090909090909, "air_quality.pm25": 41.36363636363637, "speed": 57.09090909090909, "air_quality.no2": 284.1818181818182}, "GB": {"temperature": 24.174999999999994, "fitbeat2.beats_per_minute": 108.65, "air_quality.o3": 131.6, "humidity": 75.57000000000001, "air_quality.index": 5.15, "air_quality.so2": 457.7, "air_quality.pm10": 60.65, "fitbeat1.beats_per_minute": 102.5, "air_quality.pm25": 41.35, "speed": 69.85, "air_quality.no2": 309.2}, "CZ": {"temperature": 41.5, "fitbeat2.beats_per_minute": 97.0, "air_quality.o3": 186.0, "humidity": 83.6, "air_quality.index": 7.0, "air_quality.so2": 551.0, "air_quality.pm10": 76.0, "fitbeat1.beats_per_minute": 96.0, "air_quality.pm25": 56.0, "speed": 29.0, "air_quality.no2": 419.0}}